-- phpMyAdmin SQL Dump
-- version 4.5.1
-- http://www.phpmyadmin.net
--
-- Host: 127.0.0.1
-- Czas generowania: 22 Sty 2016, 12:43
-- Wersja serwera: 10.1.9-MariaDB
-- Wersja PHP: 7.0.1

SET SQL_MODE = "NO_AUTO_VALUE_ON_ZERO";
SET time_zone = "+00:00";


/*!40101 SET @OLD_CHARACTER_SET_CLIENT=@@CHARACTER_SET_CLIENT */;
/*!40101 SET @OLD_CHARACTER_SET_RESULTS=@@CHARACTER_SET_RESULTS */;
/*!40101 SET @OLD_COLLATION_CONNECTION=@@COLLATION_CONNECTION */;
/*!40101 SET NAMES utf8mb4 */;

--
-- Baza danych: `lol_database`
--

-- --------------------------------------------------------

--
-- Struktura tabeli dla tabeli `gamedto`
--

CREATE TABLE `gamedto` (
  `summonerId` double NOT NULL,
  `gameType` varchar(50) NOT NULL,
  `gameId` double NOT NULL,
  `ipEarned` double NOT NULL,
  `spell1` double NOT NULL,
  `teamId` double NOT NULL,
  `spell2` double NOT NULL,
  `gameMode` varchar(50) NOT NULL,
  `mapId` double NOT NULL,
  `level` double NOT NULL,
  `invalid` varchar(50) NOT NULL,
  `subType` varchar(50) NOT NULL,
  `createDate` varchar(50) NOT NULL,
  `championId` double NOT NULL
) ENGINE=InnoDB DEFAULT CHARSET=latin1;

--
-- Zrzut danych tabeli `gamedto`
--

INSERT INTO `gamedto` (`summonerId`, `gameType`, `gameId`, `ipEarned`, `spell1`, `teamId`, `spell2`, `gameMode`, `mapId`, `level`, `invalid`, `subType`, `createDate`, `championId`) VALUES
(35823573, 'MATCHED_GAME', 465287159, 245, 11, 200, 7, 'CLASSIC', 1, 2, 'False', 'NORMAL', '1359746343180', 92),
(35823573, 'MATCHED_GAME', 739557569, 268, 6, 100, 7, 'CLASSIC', 1, 3, 'False', 'BOT', '1390314785265', 92),
(27504925, 'MATCHED_GAME', 1321526357, 251, 7, 100, 4, 'CLASSIC', 11, 30, 'False', 'CAP_5x5', '1452626343708', 21),
(25898917, 'MATCHED_GAME', 1322992212, 89, 32, 200, 4, 'ARAM', 12, 30, 'False', 'ARAM_UNRANKED_5x5', '1452593863887', 35),
(27504925, 'MATCHED_GAME', 1323313154, 51, 7, 100, 4, 'CLASSIC', 11, 30, 'False', 'NORMAL', '1452623827035', 67),
(34873519, 'MATCHED_GAME', 1323324554, 76, 4, 100, 3, 'CLASSIC', 11, 30, 'False', 'RANKED_SOLO_5x5', '1452624560579', 117),
(34873519, 'MATCHED_GAME', 1323342232, 76, 12, 200, 4, 'CLASSIC', 11, 30, 'False', 'RANKED_SOLO_5x5', '1452626411530', 33),
(34873519, 'MATCHED_GAME', 1323369709, 64, 4, 200, 3, 'CLASSIC', 11, 30, 'False', 'RANKED_SOLO_5x5', '1452629155389', 117),
(25898917, 'MATCHED_GAME', 1323375078, 204, 32, 100, 4, 'ARAM', 12, 30, 'False', 'ARAM_UNRANKED_5x5', '1452629149843', 19),
(25898917, 'MATCHED_GAME', 1323399196, 36, 32, 200, 4, 'ARAM', 12, 30, 'False', 'ARAM_UNRANKED_5x5', '1452630415678', 86),
(25898917, 'MATCHED_GAME', 1323987533, 213, 32, 200, 4, 'ARAM', 12, 30, 'False', 'ARAM_UNRANKED_5x5', '1452717855386', 83),
(25898917, 'MATCHED_GAME', 1323992427, 39, 32, 200, 4, 'ARAM', 12, 30, 'False', 'ARAM_UNRANKED_5x5', '1452719335130', 63),
(25898917, 'MATCHED_GAME', 1324009412, 66, 32, 200, 4, 'ARAM', 12, 30, 'False', 'ARAM_UNRANKED_5x5', '1452720920136', 43),
(25898917, 'MATCHED_GAME', 1324230987, 50, 32, 100, 4, 'ARAM', 12, 30, 'False', 'ARAM_UNRANKED_5x5', '1452760590911', 30),
(27504925, 'MATCHED_GAME', 1324902123, 260, 7, 200, 4, 'CLASSIC', 11, 30, 'False', 'NORMAL', '1452860164706', 67),
(34873519, 'MATCHED_GAME', 1325032566, 265, 12, 200, 4, 'CLASSIC', 11, 30, 'False', 'RANKED_SOLO_5x5', '1452877119170', 78),
(34873519, 'MATCHED_GAME', 1325078569, 68, 12, 100, 4, 'CLASSIC', 11, 30, 'False', 'RANKED_SOLO_5x5', '1452880525784', 78),
(34873519, 'MATCHED_GAME', 1325121110, 89, 4, 100, 3, 'CLASSIC', 11, 30, 'False', 'RANKED_SOLO_5x5', '1452884553564', 117),
(34873519, 'MATCHED_GAME', 1325151227, 58, 4, 100, 21, 'CLASSIC', 11, 30, 'False', 'RANKED_SOLO_5x5', '1452886945285', 134),
(34873519, 'MATCHED_GAME', 1325324028, 124, 12, 100, 4, 'CLASSIC', 11, 30, 'False', 'RANKED_SOLO_5x5', '1452890811785', 33),
(34873519, 'MATCHED_GAME', 1325403141, 122, 4, 200, 21, 'CLASSIC', 11, 30, 'False', 'RANKED_SOLO_5x5', '1452896677338', 134),
(26120293, 'MATCHED_GAME', 1326104770, 218, 4, 200, 7, 'ARAM', 12, 30, 'False', 'ARAM_UNRANKED_5x5', '1452974548511', 31),
(26120293, 'MATCHED_GAME', 1326131699, 56, 4, 100, 7, 'ARAM', 12, 30, 'False', 'ARAM_UNRANKED_5x5', '1452975825133', 143),
(26120293, 'MATCHED_GAME', 1326156778, 66, 4, 100, 14, 'ARAM', 12, 30, 'False', 'ARAM_UNRANKED_5x5', '1452979450386', 105),
(26120293, 'MATCHED_GAME', 1326157135, 53, 4, 100, 14, 'ARAM', 12, 30, 'False', 'ARAM_UNRANKED_5x5', '1452977847322', 105),
(26120293, 'MATCHED_GAME', 1326183509, 59, 4, 200, 32, 'ARAM', 12, 30, 'False', 'ARAM_UNRANKED_5x5', '1452980804691', 157),
(34873519, 'MATCHED_GAME', 1326215227, 82, 12, 200, 4, 'CLASSIC', 11, 30, 'False', 'RANKED_SOLO_5x5', '1452986272092', 33),
(26120293, 'MATCHED_GAME', 1326240005, 54, 4, 100, 7, 'ARAM', 12, 30, 'False', 'ARAM_UNRANKED_5x5', '1452982185553', 74),
(26120293, 'MATCHED_GAME', 1326245354, 53, 4, 100, 7, 'ARAM', 12, 30, 'False', 'ARAM_UNRANKED_5x5', '1452984142474', 29),
(26120293, 'MATCHED_GAME', 1326287004, 48, 4, 200, 7, 'ARAM', 12, 30, 'False', 'ARAM_UNRANKED_5x5', '1452985833433', 61),
(27504925, 'MATCHED_GAME', 1326491978, 72, 12, 100, 4, 'CLASSIC', 11, 30, 'False', 'NORMAL', '1453014467954', 54),
(27504925, 'MATCHED_GAME', 1326501631, 270, 7, 100, 4, 'CLASSIC', 11, 30, 'False', 'NORMAL', '1453017734358', 67),
(21572891, 'MATCHED_GAME', 1326738390, 35, 4, 200, 32, 'ARAM', 12, 30, 'False', 'ARAM_UNRANKED_5x5', '1453044625737', 39),
(21572891, 'MATCHED_GAME', 1326743544, 42, 4, 100, 32, 'ARAM', 12, 30, 'False', 'ARAM_UNRANKED_5x5', '1453046050247', 33),
(21572891, 'MATCHED_GAME', 1326770058, 50, 4, 200, 32, 'ARAM', 12, 30, 'False', 'ARAM_UNRANKED_5x5', '1453047877595', 31),
(21572891, 'MATCHED_GAME', 1326789305, 346, 4, 200, 32, 'ARAM', 12, 30, 'False', 'ARAM_UNRANKED_5x5', '1453050180775', 19),
(25898917, 'MATCHED_GAME', 1327114341, 209, 32, 200, 4, 'ARAM', 12, 30, 'False', 'ARAM_UNRANKED_5x5', '1453064102158', 4),
(27504925, 'MATCHED_GAME', 1327251142, 256, 11, 200, 4, 'CLASSIC', 11, 30, 'False', 'NORMAL', '1453113885321', 80),
(24464026, 'MATCHED_GAME', 1327293163, 0, 4, 200, 7, 'ARAM', 12, 30, 'False', 'ARAM_UNRANKED_5x5', '1453122673224', 67),
(36905299, 'MATCHED_GAME', 1327320645, 61, 4, 100, 32, 'ARAM', 12, 30, 'False', 'ARAM_UNRANKED_5x5', '1453125325287', 4),
(24464026, 'MATCHED_GAME', 1327332454, 43, 4, 200, 21, 'ARAM', 12, 30, 'False', 'ARAM_UNRANKED_5x5', '1453126942277', 161),
(24464026, 'MATCHED_GAME', 1327340059, 45, 4, 100, 7, 'ARAM', 12, 30, 'False', 'ARAM_UNRANKED_5x5', '1453128612886', 15),
(24464026, 'MATCHED_GAME', 1327352842, 46, 4, 100, 32, 'ARAM', 12, 30, 'False', 'ARAM_UNRANKED_5x5', '1453130650416', 157),
(24464026, 'MATCHED_GAME', 1327356874, 48, 4, 200, 32, 'ARAM', 12, 30, 'False', 'ARAM_UNRANKED_5x5', '1453132531277', 28),
(35823573, 'MATCHED_GAME', 1327388523, 399, 7, 200, 6, 'CLASSIC', 11, 3, 'False', 'NORMAL', '1453131377526', 78),
(21572891, 'MATCHED_GAME', 1327391740, 39, 4, 100, 32, 'ARAM', 12, 30, 'False', 'ARAM_UNRANKED_5x5', '1453132119885', 60),
(35823573, 'MATCHED_GAME', 1327393613, 249, 7, 100, 6, 'CLASSIC', 11, 4, 'False', 'NORMAL', '1453133093149', 78),
(21572891, 'MATCHED_GAME', 1327477707, 232, 4, 100, 32, 'ARAM', 12, 30, 'False', 'ARAM_UNRANKED_5x5', '1453134130732', 16),
(24464026, 'MATCHED_GAME', 1327498255, 56, 4, 200, 32, 'ARAM', 12, 30, 'False', 'ARAM_UNRANKED_5x5', '1453134088660', 50),
(35823573, 'MATCHED_GAME', 1327499660, 285, 7, 200, 21, 'CLASSIC', 11, 5, 'False', 'NORMAL', '1453135856296', 78),
(24464026, 'MATCHED_GAME', 1327505556, 48, 4, 100, 32, 'ARAM', 12, 30, 'False', 'ARAM_UNRANKED_5x5', '1453136372770', 57),
(36905299, 'MATCHED_GAME', 1327573654, 211, 4, 100, 32, 'ARAM', 12, 30, 'False', 'ARAM_UNRANKED_5x5', '1453137360348', 103),
(35823573, 'MATCHED_GAME', 1327585124, 311, 7, 100, 21, 'CLASSIC', 11, 5, 'False', 'NORMAL', '1453141249692', 78),
(35823573, 'MATCHED_GAME', 1327625514, 105, 7, 100, 21, 'CLASSIC', 11, 5, 'False', 'NORMAL', '1453144595583', 78),
(35823573, 'MATCHED_GAME', 1327675582, 95, 7, 200, 3, 'CLASSIC', 11, 5, 'False', 'NORMAL', '1453146224795', 78),
(35823573, 'MATCHED_GAME', 1327772130, 97, 7, 100, 21, 'CLASSIC', 11, 5, 'False', 'NORMAL', '1453155835861', 78),
(24464026, 'MATCHED_GAME', 1327787531, 62, 4, 200, 32, 'ARAM', 12, 30, 'False', 'ARAM_UNRANKED_5x5', '1453156644804', 79),
(24464026, 'MATCHED_GAME', 1327802377, 52, 4, 200, 7, 'ARAM', 12, 30, 'False', 'ARAM_UNRANKED_5x5', '1453158564598', 18),
(36905299, 'MATCHED_GAME', 1327887254, 70, 4, 100, 32, 'ARAM', 12, 30, 'False', 'ARAM_UNRANKED_5x5', '1453201351214', 41),
(26744572, 'MATCHED_GAME', 1327900076, 49, 32, 200, 4, 'ARAM', 12, 30, 'False', 'ARAM_UNRANKED_5x5', '1453205398063', 157),
(26744572, 'MATCHED_GAME', 1327912179, 68, 32, 100, 4, 'ARAM', 12, 30, 'False', 'ARAM_UNRANKED_5x5', '1453207943029', 31),
(36905299, 'MATCHED_GAME', 1327935687, 52, 4, 100, 32, 'ARAM', 12, 30, 'False', 'ARAM_UNRANKED_5x5', '1453211371844', 82),
(35823573, 'MATCHED_GAME', 1328009622, 270, 6, 200, 21, 'CLASSIC', 11, 6, 'False', 'NORMAL', '1453213559788', 33),
(26744572, 'MATCHED_GAME', 1328010756, 39, 32, 100, 4, 'ARAM', 12, 30, 'False', 'ARAM_UNRANKED_5x5', '1453212950358', 58),
(26744572, 'MATCHED_GAME', 1328017020, 63, 32, 200, 4, 'ARAM', 12, 30, 'False', 'ARAM_UNRANKED_5x5', '1453214845604', 114),
(26744572, 'MATCHED_GAME', 1328104520, 68, 14, 100, 4, 'ARAM', 12, 30, 'False', 'ARAM_UNRANKED_5x5', '1453216888301', 17),
(36905299, 'MATCHED_GAME', 1328138048, 35, 4, 100, 32, 'ARAM', 12, 30, 'False', 'ARAM_UNRANKED_5x5', '1453216547517', 13),
(36905299, 'MATCHED_GAME', 1328141030, 204, 4, 200, 32, 'ARAM', 12, 30, 'False', 'ARAM_UNRANKED_5x5', '1453217878903', 119),
(26744572, 'MATCHED_GAME', 1328152964, 48, 32, 200, 4, 'ARAM', 12, 30, 'False', 'ARAM_UNRANKED_5x5', '1453219003564', 91),
(36905299, 'MATCHED_GAME', 1328165567, 46, 4, 200, 32, 'ARAM', 12, 30, 'False', 'ARAM_UNRANKED_5x5', '1453221059834', 54),
(26744572, 'MATCHED_GAME', 1328187419, 77, 32, 100, 4, 'ARAM', 12, 30, 'False', 'ARAM_UNRANKED_5x5', '1453222176967', 44),
(27504925, 'MATCHED_GAME', 1328189625, 65, 7, 100, 4, 'CLASSIC', 11, 30, 'False', 'NORMAL', '1453223469308', 67),
(27504925, 'MATCHED_GAME', 1328215297, 54, 7, 100, 4, 'CLASSIC', 11, 30, 'False', 'NORMAL', '1453225440481', 67),
(21572891, 'MATCHED_GAME', 1328249572, 204, 4, 200, 32, 'ARAM', 12, 30, 'False', 'ARAM_UNRANKED_5x5', '1453226820772', 38),
(26744572, 'MATCHED_GAME', 1328256630, 70, 32, 200, 4, 'ARAM', 12, 30, 'False', 'ARAM_UNRANKED_5x5', '1453228879323', 106),
(26744572, 'MATCHED_GAME', 1328288394, 91, 21, 100, 4, 'ARAM', 12, 30, 'False', 'ARAM_UNRANKED_5x5', '1453231418742', 18),
(26744572, 'MATCHED_GAME', 1328320108, 63, 32, 200, 4, 'ARAM', 12, 30, 'False', 'ARAM_UNRANKED_5x5', '1453234120023', 50),
(25898917, 'MATCHED_GAME', 1328366525, 216, 32, 100, 4, 'ARAM', 12, 30, 'False', 'ARAM_UNRANKED_5x5', '1453237915286', 44),
(21572891, 'MATCHED_GAME', 1328368091, 54, 4, 100, 32, 'ARAM', 12, 30, 'False', 'ARAM_UNRANKED_5x5', '1453236905025', 58),
(36905299, 'MATCHED_GAME', 1328378539, 82, 4, 200, 32, 'ARAM', 12, 30, 'False', 'ARAM_UNRANKED_5x5', '1453238893599', 89),
(25898917, 'MATCHED_GAME', 1328381599, 63, 32, 100, 4, 'ARAM', 12, 30, 'False', 'ARAM_UNRANKED_5x5', '1453239364485', 86),
(21572891, 'MATCHED_GAME', 1328384705, 46, 4, 200, 32, 'ARAM', 12, 30, 'False', 'ARAM_UNRANKED_5x5', '1453240716637', 114),
(27504925, 'MATCHED_GAME', 1328385320, 61, 14, 100, 4, 'CLASSIC', 11, 30, 'False', 'NORMAL', '1453241548844', 53),
(21572891, 'MATCHED_GAME', 1328389099, 63, 4, 100, 32, 'ARAM', 12, 30, 'False', 'ARAM_UNRANKED_5x5', '1453239026601', 143),
(36905299, 'MATCHED_GAME', 1328399903, 39, 4, 200, 32, 'ARAM', 12, 30, 'False', 'ARAM_UNRANKED_5x5', '1453240240817', 90),
(36905299, 'MATCHED_GAME', 1328404475, 45, 4, 200, 32, 'ARAM', 12, 30, 'False', 'ARAM_UNRANKED_5x5', '1453241890847', 27),
(25898917, 'MATCHED_GAME', 1328473293, 61, 32, 100, 4, 'ARAM', 12, 30, 'False', 'ARAM_UNRANKED_5x5', '1453279169271', 85),
(26120293, 'MATCHED_GAME', 1328473390, 39, 4, 100, 32, 'ARAM', 12, 30, 'False', 'ARAM_UNRANKED_5x5', '1453279211726', 48),
(27504925, 'MATCHED_GAME', 1328478886, 51, 7, 100, 4, 'CLASSIC', 11, 30, 'False', 'NORMAL', '1453275875645', 67),
(34873519, 'MATCHED_GAME', 1328504722, 237, 4, 200, 11, 'CLASSIC', 11, 30, 'False', 'RANKED_SOLO_5x5', '1453291982069', 33),
(26120293, 'MATCHED_GAME', 1328537258, 223, 4, 200, 32, 'ARAM', 12, 30, 'False', 'ARAM_UNRANKED_5x5', '1453277756805', 78),
(24464026, 'MATCHED_GAME', 1328542467, 209, 4, 100, 32, 'ARAM', 12, 30, 'False', 'ARAM_UNRANKED_5x5', '1453287109209', 12),
(34873519, 'MATCHED_GAME', 1328713503, 58, 12, 200, 4, 'CLASSIC', 11, 30, 'False', 'RANKED_SOLO_5x5', '1453301469420', 68),
(34873519, 'MATCHED_GAME', 1328719860, 94, 12, 100, 4, 'CLASSIC', 11, 30, 'False', 'RANKED_SOLO_5x5', '1453298266382', 33),
(34873519, 'MATCHED_GAME', 1328758221, 71, 12, 100, 21, 'CLASSIC', 11, 30, 'False', 'RANKED_SOLO_5x5', '1453305504114', 68),
(34873519, 'MATCHED_GAME', 1328763786, 72, 4, 200, 11, 'CLASSIC', 11, 30, 'False', 'RANKED_SOLO_5x5', '1453309362346', 33),
(34873519, 'MATCHED_GAME', 1328836534, 76, 12, 200, 21, 'CLASSIC', 11, 30, 'False', 'RANKED_SOLO_5x5', '1453316842786', 68),
(34873519, 'MATCHED_GAME', 1328838168, 76, 12, 200, 21, 'CLASSIC', 11, 30, 'False', 'RANKED_SOLO_5x5', '1453311426539', 33),
(34873519, 'MATCHED_GAME', 1328843095, 76, 12, 100, 21, 'CLASSIC', 11, 30, 'False', 'RANKED_SOLO_5x5', '1453314632959', 68),
(34873519, 'MATCHED_GAME', 1328904037, 117, 4, 100, 11, 'CLASSIC', 11, 30, 'False', 'RANKED_SOLO_5x5', '1453322494105', 48),
(34873519, 'MATCHED_GAME', 1328909863, 87, 12, 100, 21, 'CLASSIC', 11, 30, 'False', 'RANKED_SOLO_5x5', '1453319219340', 68);

-- --------------------------------------------------------

--
-- Struktura tabeli dla tabeli `playerdto`
--

CREATE TABLE `playerdto` (
  `gameId` double NOT NULL,
  `championId` double NOT NULL,
  `teamId` double NOT NULL,
  `summonerId` double NOT NULL
) ENGINE=InnoDB DEFAULT CHARSET=latin1;

--
-- Zrzut danych tabeli `playerdto`
--

INSERT INTO `playerdto` (`gameId`, `championId`, `teamId`, `summonerId`) VALUES
(1325324028, 150, 200, 55083980),
(1325324028, 236, 100, 38289436),
(1325324028, 64, 200, 28497259),
(1325324028, 19, 100, 28506839),
(1325324028, 7, 200, 55796351),
(1325324028, 89, 100, 52306027),
(1325324028, 238, 100, 33335931),
(1325324028, 37, 200, 52650000),
(1325324028, 18, 200, 43076917),
(1325121110, 31, 100, 43836753),
(1325121110, 11, 100, 36711285),
(1325121110, 201, 200, 29783412),
(1325121110, 112, 200, 54214203),
(1325121110, 236, 200, 34458715),
(1325121110, 245, 200, 53032017),
(1325121110, 67, 100, 36881945),
(1325121110, 1, 100, 48656496),
(1325121110, 92, 200, 43304767),
(1325078569, 222, 200, 39330981),
(1325078569, 111, 200, 34033086),
(1325078569, 236, 100, 57195920),
(1325078569, 23, 200, 56556416),
(1325078569, 24, 200, 36575248),
(1325078569, 157, 100, 53506857),
(1325078569, 150, 100, 40304400),
(1325078569, 1, 200, 44215463),
(1325078569, 89, 100, 46041026),
(1325032566, 64, 200, 54538716),
(1325032566, 105, 100, 36326297),
(1325032566, 54, 200, 43555524),
(1325032566, 89, 100, 54346201),
(1325032566, 67, 200, 45214286),
(1325032566, 80, 100, 41007062),
(1325032566, 11, 100, 51892066),
(1325032566, 2, 200, 45846364),
(1325032566, 21, 100, 42722976),
(1323369709, 60, 200, 26551808),
(1323369709, 99, 100, 46495819),
(1323369709, 22, 100, 21894667),
(1323369709, 89, 100, 27814946),
(1323369709, 77, 100, 51255017),
(1323369709, 150, 100, 26023064),
(1323369709, 222, 200, 48922748),
(1323369709, 24, 200, 47781962),
(1323369709, 84, 200, 42419982),
(1323342232, 64, 100, 55324806),
(1323342232, 420, 200, 42229198),
(1328009622, 236, 200, 57393380),
(1328009622, 103, 200, 58114190),
(1328009622, 22, 100, 58305263),
(1328009622, 63, 200, 58315035),
(1328009622, 99, 100, 58127065),
(1328009622, 236, 100, 58173005),
(1328009622, 150, 200, 57926698),
(1328009622, 63, 100, 58143147),
(1328009622, 80, 100, 49475820),
(1327772130, 150, 200, 58333968),
(1327772130, 69, 200, 57795994),
(1327772130, 67, 100, 58059090),
(1327772130, 161, 100, 58114147),
(1327772130, 19, 200, 52685207),
(1327772130, 201, 200, 57728105),
(1327772130, 101, 200, 58314481),
(1327772130, 63, 100, 58313111),
(1327772130, 15, 100, 58334109),
(1327625514, 15, 100, 58283768),
(1327625514, 161, 100, 58118770),
(1327625514, 4, 200, 56475247),
(1327625514, 11, 100, 58344758),
(1327625514, 17, 200, 58323757),
(1327625514, 23, 200, 55668872),
(1327625514, 67, 200, 57314276),
(1327625514, 99, 100, 54274332),
(1327625514, 8, 200, 57356194),
(1327585124, 36, 200, 58282968),
(1327585124, 222, 200, 58138699),
(1327585124, 62, 200, 58254998),
(1327585124, 24, 100, 58253608),
(1327585124, 86, 200, 58088855),
(1327585124, 17, 100, 58224138),
(1327585124, 22, 200, 58224446),
(1327585124, 67, 100, 57967713),
(1327585124, 11, 100, 57962190),
(1328381599, 48, 200, 21831150),
(1328381599, 32, 100, 37567275),
(1328381599, 38, 200, 24964296),
(1328381599, 36, 100, 30492354),
(1328381599, 68, 200, 21776918),
(1328381599, 76, 200, 24010591),
(1328381599, 53, 200, 26836938),
(1328478886, 412, 100, 41968547),
(1328478886, 25, 200, 37640213),
(1328478886, 64, 200, 41910576),
(1328478886, 21, 200, 45556623),
(1328478886, 268, 100, 54516513),
(1328478886, 24, 200, 34056163),
(1328478886, 39, 100, 53708896),
(1328478886, 238, 200, 47780531),
(1328478886, 107, 100, 38173181),
(1328385320, 22, 100, 41047440),
(1328385320, 81, 200, 42361173),
(1328385320, 99, 200, 41163202),
(1328385320, 114, 200, 49850313),
(1328385320, 131, 200, 55836092),
(1328385320, 30, 200, 34984759),
(1328385320, 64, 100, 19866340),
(1328385320, 238, 100, 22022396),
(1328385320, 27, 100, 45933921),
(1328215297, 122, 100, 46995731),
(1328215297, 75, 200, 49898578),
(1328215297, 78, 100, 38504098),
(1328215297, 9, 100, 52863703),
(1328215297, 268, 200, 49937806),
(1328215297, 51, 200, 39680169),
(1328215297, 64, 200, 36003450),
(1328215297, 41, 200, 40533296),
(1328215297, 7, 100, 40696142),
(1328189625, 7, 200, 44684680),
(1328189625, 76, 100, 44684477),
(1328189625, 64, 200, 27213767),
(1328189625, 150, 100, 54344600),
(1328189625, 119, 200, 42656421),
(1328189625, 420, 200, 26632478),
(1328189625, 203, 100, 27448547),
(1328189625, 223, 100, 39549150),
(1328189625, 412, 200, 57784021),
(1327251142, 21, 200, 27875980),
(1327251142, 17, 100, 47911018),
(1327251142, 55, 100, 33073067),
(1327251142, 81, 200, 28427275),
(1327251142, 51, 100, 18991881),
(1327251142, 238, 100, 56113131),
(1327251142, 238, 200, 32974757),
(1327251142, 35, 100, 45434176),
(1327251142, 41, 200, 30100656),
(1326501631, 51, 200, 41822181),
(1326501631, 103, 200, 31977964),
(1326501631, 41, 200, 43391878),
(1326501631, 107, 200, 34838559),
(1326501631, 201, 200, 40333276),
(1326501631, 19, 100, 21651713),
(1326501631, 99, 100, 24214209),
(1326501631, 82, 100, 23173213),
(1326501631, 58, 100, 40588044),
(1326491978, 53, 200, 39669711),
(1326491978, 25, 100, 45214026),
(1326491978, 119, 100, 37329902),
(1326491978, 238, 100, 37627437),
(1326491978, 25, 200, 30448555),
(1326491978, 67, 200, 22233973),
(1326491978, 254, 100, 45018457),
(1326491978, 104, 200, 30696314),
(1326491978, 254, 200, 36312359),
(1324902123, 412, 200, 51917670),
(1324902123, 56, 100, 40274310),
(1324902123, 1, 200, 24153394),
(1324902123, 106, 100, 20149604),
(1324902123, 55, 100, 56683018),
(1324902123, 1, 100, 36683491),
(1324902123, 121, 200, 50597759),
(1324902123, 80, 200, 26548679),
(1324902123, 122, 100, 56786837),
(1321526357, 55, 100, 40343634),
(1321526357, 54, 200, 31177423),
(1321526357, 26, 100, 41140614),
(1321526357, 432, 200, 36467510),
(1321526357, 131, 200, 46753227),
(1321526357, 23, 200, 47363870),
(1321526357, 78, 100, 32627103),
(1321526357, 19, 100, 42467450),
(1321526357, 67, 200, 48618405),
(1323313154, 98, 100, 36814825),
(1323313154, 74, 100, 26961245),
(1323313154, 161, 200, 20665277),
(1323313154, 76, 100, 26501738),
(1323313154, 15, 200, 22035455),
(1323313154, 78, 200, 20572654),
(1323313154, 62, 200, 35043629),
(1323313154, 25, 100, 27714461),
(1323313154, 267, 200, 41207487),
(1328473390, 51, 100, 54993097),
(1328473390, 69, 100, 30969821),
(1328473390, 75, 200, 26929512),
(1328473390, 34, 100, 22279089),
(1328473390, 57, 200, 20012208),
(1328473390, 107, 100, 39258742),
(1328473390, 42, 200, 40233343),
(1328473390, 29, 200, 39270510),
(1328473390, 14, 200, 23947859),
(1328537258, 76, 100, 28179992),
(1326287004, 78, 100, 24329685),
(1326287004, 44, 100, 32189541),
(1326287004, 26, 100, 19815713),
(1326287004, 64, 200, 38123800),
(1326287004, 17, 100, 30352882),
(1326287004, 35, 200, 39871808),
(1326287004, 40, 200, 38673437),
(1326287004, 22, 100, 50323323),
(1326287004, 127, 200, 37177256),
(1326240005, 36, 200, 41123542),
(1326240005, 236, 200, 23578149),
(1326240005, 21, 100, 43466335),
(1326240005, 75, 100, 43944603),
(1326240005, 104, 200, 35334582),
(1326240005, 432, 200, 32568503),
(1326240005, 105, 100, 27853487),
(1326240005, 1, 200, 34242891),
(1326240005, 126, 100, 31850000),
(1326183509, 103, 100, 24439102),
(1326183509, 38, 200, 28254621),
(1326183509, 161, 200, 25415147),
(1326183509, 9, 200, 27150417),
(1326183509, 17, 100, 20556454),
(1326183509, 12, 100, 19102033),
(1326183509, 89, 200, 21658537),
(1326183509, 134, 100, 28688109),
(1326183509, 98, 100, 36945327),
(1326157135, 12, 200, 41311023),
(1326157135, 29, 100, 44754191),
(1326157135, 126, 100, 42364262),
(1326157135, 99, 100, 57052998),
(1326157135, 54, 200, 22471878),
(1326157135, 78, 200, 43474974),
(1326157135, 22, 200, 51744460),
(1326157135, 115, 200, 23675464),
(1326157135, 69, 100, 38597982),
(1326131699, 32, 200, 24735589),
(1326104770, 38, 100, 24152508),
(1326104770, 412, 100, 31153230),
(1326104770, 42, 100, 34318800),
(1326104770, 104, 100, 24427869),
(1326104770, 96, 200, 36678717),
(1326104770, 12, 200, 41072494),
(1326104770, 79, 100, 32231642),
(1326104770, 51, 200, 21797061),
(1328320108, 60, 100, 31921679),
(1328320108, 74, 100, 26455824),
(1328320108, 68, 200, 23231052),
(1328320108, 17, 200, 139902),
(1328320108, 7, 100, 24996007),
(1328320108, 58, 200, 34980711),
(1328320108, 99, 100, 31757725),
(1328320108, 13, 100, 33937674),
(1328320108, 41, 200, 26568794),
(1328288394, 67, 200, 35441960),
(1328288394, 90, 100, 37236646),
(1328288394, 150, 100, 271019),
(1328288394, 105, 100, 34428522),
(1328288394, 120, 200, 41716996),
(1328288394, 36, 100, 24632712),
(1328288394, 17, 200, 34012134),
(1328288394, 32, 200, 35038180),
(1328288394, 54, 200, 35255335),
(1328187419, 50, 100, 19011787),
(1328187419, 67, 200, 21557417),
(1328187419, 15, 100, 42225238),
(1328187419, 7, 200, 35863508),
(1328187419, 96, 200, 32269203),
(1328187419, 121, 100, 22411319),
(1328187419, 40, 200, 32593663),
(1328187419, 112, 200, 37570952),
(1328187419, 267, 100, 32160849),
(1328152964, 8, 200, 29361663),
(1328152964, 41, 200, 32248230),
(1328152964, 25, 100, 36903667),
(1328152964, 157, 100, 51795633),
(1328104520, 161, 200, 24204828),
(1328104520, 32, 100, 48036468),
(1328104520, 6, 200, 26929512),
(1328104520, 105, 100, 30380098),
(1328104520, 64, 200, 22195992),
(1328104520, 68, 200, 21236908),
(1328104520, 4, 100, 27174776),
(1328104520, 59, 100, 20001117),
(1328104520, 45, 200, 25833885),
(1328017020, 12, 100, 39632999),
(1328017020, 61, 100, 54403218),
(1328017020, 101, 100, 26929512),
(1328017020, 131, 200, 31887502),
(1328017020, 25, 200, 20066482),
(1328017020, 22, 100, 36903231),
(1328010756, 80, 100, 42692970),
(1328010756, 63, 100, 37220847),
(1328010756, 420, 100, 21246864),
(1328010756, 81, 200, 22447802),
(1328010756, 92, 100, 31355273),
(1328010756, 150, 200, 44074791),
(1328010756, 90, 200, 19523323),
(1328010756, 51, 200, 39323945),
(1328010756, 57, 200, 25403792),
(1327900076, 79, 100, 22757406),
(1327900076, 37, 100, 20041006),
(1327900076, 131, 100, 24498333),
(1327900076, 63, 100, 23861671),
(1327900076, 36, 200, 19685440),
(1327802377, 150, 200, 40749989),
(1327802377, 63, 200, 34103417),
(1327802377, 35, 100, 32231622),
(1327802377, 115, 100, 39878383),
(1327802377, 245, 100, 33634366),
(1327802377, 85, 200, 24164088),
(1327802377, 44, 100, 25469507),
(1327802377, 19, 200, 28410996),
(1327802377, 86, 100, 39711669),
(1327787531, 63, 100, 37236646),
(1327787531, 40, 100, 38313626),
(1327787531, 111, 200, 44937857),
(1327787531, 35, 100, 38336746),
(1327505556, 12, 100, 22859400),
(1327505556, 126, 200, 24439102),
(1327505556, 110, 200, 23790914),
(1327505556, 7, 100, 22279089),
(1327505556, 61, 100, 30153506),
(1327505556, 79, 200, 35518190),
(1327505556, 92, 100, 34666286),
(1327505556, 78, 200, 34727149),
(1327505556, 99, 200, 34185162),
(1327356874, 33, 100, 41163716),
(1327356874, 31, 200, 271019),
(1327356874, 101, 100, 42692970),
(1327356874, 32, 100, 25162796),
(1327356874, 16, 200, 21869733),
(1327356874, 45, 200, 32266031),
(1327356874, 222, 200, 20937864),
(1327356874, 161, 100, 29105033),
(1327356874, 41, 100, 50506914),
(1327332454, 18, 200, 34724946),
(1327293163, 62, 200, 21123205),
(1327293163, 6, 100, 30473248),
(1327293163, 69, 100, 24500121),
(1327293163, 60, 100, 42346507),
(1327293163, 89, 200, 381310),
(1327293163, 8, 200, 41363508),
(1327293163, 104, 200, 28531908),
(1327293163, 143, 100, 28344268),
(1327293163, 81, 100, 24594249),
(1328165567, 96, 200, 21181059),
(1328165567, 267, 100, 22105103),
(1328165567, 236, 200, 35458781),
(1328165567, 105, 100, 21247395),
(1328165567, 101, 100, 40232970),
(1328165567, 154, 200, 24415243),
(1328165567, 79, 200, 35042932),
(1328165567, 19, 100, 24270113),
(1328165567, 33, 100, 34195286),
(1327887254, 157, 200, 30457629),
(1327887254, 113, 200, 24418533),
(1327887254, 22, 200, 37279439),
(1327887254, 86, 200, 20083439),
(1327887254, 24, 100, 37648976),
(1327887254, 21, 200, 56843129),
(1327887254, 63, 100, 34274673),
(1327887254, 18, 100, 33024168),
(1327887254, 133, 100, 25542805),
(1327573654, 16, 100, 22087423),
(1327573654, 34, 100, 41686996),
(1327573654, 26, 200, 24996007),
(1327573654, 412, 200, 24155476),
(1327573654, 13, 200, 20066482),
(1327573654, 15, 200, 24487617),
(1327573654, 12, 100, 25285325),
(1327573654, 4, 200, 24407305),
(1327573654, 7, 100, 24629358),
(1328384705, 16, 200, 34964817),
(1328384705, 222, 200, 33981855),
(1328384705, 56, 200, 31272301),
(1328384705, 236, 100, 32155026),
(1328384705, 90, 100, 27033815),
(1328384705, 412, 100, 34118102),
(1328384705, 59, 100, 19934687),
(1328384705, 36, 200, 23803938),
(1328384705, 112, 100, 31465046),
(1327391740, 24, 100, 43607281),
(1327391740, 13, 100, 22450201),
(1327391740, 268, 200, 40863050),
(1327391740, 92, 200, 20673176),
(1327391740, 106, 100, 19463962),
(1327391740, 122, 200, 35081862),
(1327391740, 68, 200, 34033273),
(1327391740, 43, 200, 40613303),
(1327391740, 412, 100, 26897729),
(1326789305, 41, 200, 27718184),
(1326789305, 44, 200, 31184970),
(1326789305, 11, 100, 38156258),
(1326789305, 63, 100, 29291141),
(1326789305, 412, 100, 35467157),
(1326789305, 30, 200, 27445155),
(1326789305, 96, 100, 19419210),
(1326789305, 90, 100, 39996153),
(1326789305, 56, 200, 35033728),
(1326770058, 75, 100, 46424338),
(1326770058, 201, 100, 46424114),
(1326770058, 55, 200, 39597654),
(1326770058, 69, 100, 34985837),
(1326770058, 161, 200, 55485930),
(1326770058, 14, 100, 22986496),
(1326770058, 114, 100, 46424110),
(1326770058, 33, 200, 26448484),
(1326770058, 67, 200, 53936571),
(1326743544, 157, 200, 21915886),
(1326743544, 99, 100, 38688416),
(1326743544, 89, 100, 28195948),
(1326743544, 21, 200, 23555566),
(1326743544, 11, 200, 50804084),
(1326743544, 76, 100, 20399115),
(1326743544, 161, 200, 36116392),
(1326743544, 48, 200, 21858027),
(1326743544, 34, 100, 24647662),
(1326738390, 429, 100, 27483386),
(1326738390, 63, 200, 35739358),
(1328504722, 1, 100, 32193147),
(1328504722, 75, 100, 32083281),
(1328504722, 157, 200, 41882607),
(1328504722, 80, 200, 34322547),
(1328504722, 21, 200, 38168098),
(1328504722, 53, 100, 55693592),
(1328504722, 67, 100, 34063334),
(1328504722, 412, 200, 27223848),
(1328504722, 11, 100, 53727088),
(1328719860, 21, 100, 35761921),
(1328719860, 7, 100, 46461698),
(1328719860, 11, 100, 21232153),
(1328719860, 23, 200, 52675166),
(1328719860, 22, 200, 41676186),
(1328719860, 1, 100, 52577762),
(1328719860, 105, 200, 24025997),
(1328719860, 54, 200, 45386588),
(1328719860, 78, 200, 35585363),
(1328904037, 131, 200, 46624542),
(1328904037, 107, 200, 52536114),
(1328904037, 21, 100, 43518030),
(1328904037, 89, 200, 35709526),
(1328904037, 23, 100, 24773229),
(1328904037, 86, 200, 30094103),
(1328904037, 236, 200, 45856838),
(1328904037, 17, 100, 44906210),
(1328904037, 53, 100, 33552551),
(1328909863, 223, 200, 25228387),
(1328909863, 22, 100, 50987214),
(1328909863, 5, 200, 51271449),
(1328909863, 24, 100, 47633268),
(1328909863, 222, 200, 22121107),
(1328909863, 34, 100, 23014700),
(1328909863, 150, 200, 41919465),
(1328909863, 54, 100, 56258592),
(1328909863, 99, 200, 41291277),
(1328758221, 103, 200, 31447693),
(1328758221, 432, 200, 24336760),
(1328758221, 64, 100, 53069012),
(1328758221, 238, 100, 25910309),
(1328758221, 11, 200, 43307935),
(1328758221, 53, 100, 55416604),
(1328758221, 119, 100, 37180189),
(1328758221, 222, 200, 26196929),
(1328758221, 31, 200, 30151622),
(1328713503, 11, 200, 52390631),
(1328713503, 222, 100, 44773631),
(1328713503, 67, 200, 40729015),
(1328713503, 133, 100, 26542814),
(1328713503, 238, 200, 49677662),
(1328713503, 19, 100, 41283042),
(1328713503, 89, 100, 38378608),
(1328713503, 412, 200, 54486352),
(1328713503, 76, 100, 40583516);

-- --------------------------------------------------------

--
-- Struktura tabeli dla tabeli `rawstatsdto`
--

CREATE TABLE `rawstatsdto` (
  `gameId` double NOT NULL,
  `totalDamageDealtToChampions` double NOT NULL,
  `goldEarned` double NOT NULL,
  `item0` double DEFAULT NULL,
  `item1` double DEFAULT NULL,
  `item2` double DEFAULT NULL,
  `item3` double DEFAULT NULL,
  `item4` double DEFAULT NULL,
  `item5` double DEFAULT NULL,
  `item6` double DEFAULT NULL,
  `wardPlaced` double NOT NULL,
  `totalDamageTaken` double NOT NULL,
  `physicalDamageDealtPlayer` double NOT NULL,
  `visionWardsBought` double NOT NULL,
  `playerRole` double NOT NULL,
  `totalUnitsHealed` double NOT NULL,
  `playerPosition` double NOT NULL,
  `level` double NOT NULL,
  `magicDamageDealtToChampions` double NOT NULL,
  `magicDamageDealtPlayer` double NOT NULL,
  `turretsKilled` double NOT NULL,
  `assists` double NOT NULL,
  `magicDamageTaken` double NOT NULL,
  `numDeaths` double DEFAULT NULL,
  `totalTimeCrowdControlDealt` double NOT NULL,
  `physicalDamageTaken` double DEFAULT NULL,
  `win` varchar(50) NOT NULL,
  `team` double NOT NULL,
  `totalDamageDealt` double DEFAULT NULL,
  `totalHeal` double DEFAULT NULL,
  `minionsKilled` double DEFAULT NULL,
  `timePlayed` double DEFAULT NULL,
  `wardKilled` double DEFAULT NULL,
  `physicalDamageDealtToChampions` double DEFAULT NULL,
  `truDamageTaken` double DEFAULT NULL,
  `goldSpent` double DEFAULT NULL
) ENGINE=InnoDB DEFAULT CHARSET=latin1;

--
-- Zrzut danych tabeli `rawstatsdto`
--

INSERT INTO `rawstatsdto` (`gameId`, `totalDamageDealtToChampions`, `goldEarned`, `item0`, `item1`, `item2`, `item3`, `item4`, `item5`, `item6`, `wardPlaced`, `totalDamageTaken`, `physicalDamageDealtPlayer`, `visionWardsBought`, `playerRole`, `totalUnitsHealed`, `playerPosition`, `level`, `magicDamageDealtToChampions`, `magicDamageDealtPlayer`, `turretsKilled`, `assists`, `magicDamageTaken`, `numDeaths`, `totalTimeCrowdControlDealt`, `physicalDamageTaken`, `win`, `team`, `totalDamageDealt`, `totalHeal`, `minionsKilled`, `timePlayed`, `wardKilled`, `physicalDamageDealtToChampions`, `truDamageTaken`, `goldSpent`) VALUES
(1325324028, 48563, 18243, 3083, 3068, 3075, 3047, 3026, 3065, 3340, 18, 60358, 50470, 0, 4, 1, 1, 18, 39999, 188405, 0, 18, 26476, 9, 385, 30602, 'True', 100, 238875, 9542, 238, 2796, 0, 8563, 3279, 18250),
(1325121110, 7125, 12904, 3092, 3190, 2049, 3117, 3065, 3165, 3341, 22, 19434, 8853, 0, 2, 1, 4, 15, 5061, 14493, 0, 30, 9030, 6, 310, 10023, 'True', 100, 23347, 615, 25, 1897, 5, 2064, 380, 11900),
(1325078569, 12823, 10234, 2033, 3047, 3071, 3742, 1031, 1029, 3340, 15, 32184, 57966, 0, 2, 1, 1, 14, 1988, 5038, 2, 5, 12003, 9, 1401, 19417, 'False', 100, 63005, 2021, 83, 2261, 0, 10834, 764, 9000),
(1325032566, 31538, 15290, 1011, 3047, 3742, 3075, 3156, 3102, 3340, 10, 38567, 81140, 0, 4, 1, 1, 18, 9692, 27621, 2, 19, 12304, 11, 1772, 22053, 'True', 200, 110849, 5086, 109, 2572, 0, 21126, 4209, 13900),
(1323369709, 11950, 12213, 3092, 3190, 2049, 3117, 3065, 1011, 3341, 19, 28520, 7741, 0, 2, 1, 4, 15, 9421, 20441, 0, 27, 9069, 10, 498, 19235, 'False', 200, 28182, 2892, 24, 2085, 0, 2528, 216, 10450),
(1323342232, 18516, 8781, 1054, 3075, 3068, 3047, 1058, 1028, 3340, 4, 14705, 23251, 0, 4, 1, 1, 13, 14574, 52051, 1, 9, 3780, 5, 252, 10485, 'True', 200, 76029, 1536, 114, 1276, 0, 3267, 440, 8300),
(1328009622, 18873, 11933, 1054, 3111, 3068, 3065, 3075, 1011, 3340, 9, 26898, 29854, 0, 2, 1, 1, 15, 16093, 83169, 1, 12, 9144, 6, 173, 17754, 'True', 200, 113023, 1615, 113, 2089, 2, 2780, 0, 10700),
(1327772130, 15054, 12011, 3111, 2031, 3156, 3742, 3065, 3057, 3340, 18, 36150, 83891, 0, 2, 3, 1, 17, 1986, 7164, 1, 7, 14108, 6, 1960, 21697, 'False', 100, 91056, 4997, 89, 2647, 3, 13068, 344, 11150),
(1327625514, 26859, 13570, 3111, 3211, 3156, 3083, 3102, 3067, 3340, 19, 50312, 85514, 1, 2, 3, 1, 18, 3580, 8348, 0, 7, 19625, 7, 2003, 27285, 'False', 100, 93862, 6282, 93, 2939, 2, 23279, 3402, 12225),
(1327585124, 43943, 16677, 3143, 3068, 3047, 3075, 3742, 3082, 3340, 18, 49504, 62847, 0, 2, 4, 1, 18, 22545, 72771, 0, 25, 17351, 12, 2756, 29895, 'True', 100, 135619, 3952, 89, 2957, 0, 21398, 2257, 13350),
(1328381599, 22462, 10724, 1322, 3065, 3190, 1006, 1006, 1057, 0, 0, 29434, 43207, 0, 0, 1, 0, 18, 2624, 2624, 2, 23, 18540, 7, 138, 9978, 'True', 100, 51707, 3242, 32, 1266, 0, 14212, 915, 8170),
(1324009412, 29268, 12341, 3165, 1052, 1026, 1312, 3285, 1058, 0, 0, 16454, 7215, 0, 0, 1, 0, 18, 27150, 58502, 1, 31, 1563, 4, 449, 14168, 'True', 200, 66832, 6281, 52, 1331, 0, 1192, 721, 10685),
(1323992427, 26561, 10099, 3020, 3151, 1026, 1052, 3174, 1028, 2052, 0, 17219, 3702, 0, 0, 1, 0, 16, 24194, 56028, 0, 14, 7363, 9, 52, 9056, 'False', 200, 60625, 1027, 30, 1090, 0, 1557, 800, 9435),
(1328478886, 10345, 9593, 1055, 3144, 1300, 1043, 3094, 1038, 3363, 5, 15215, 72968, 0, 3, 2, 4, 14, 655, 5155, 0, 4, 3222, 6, 11, 11831, 'False', 100, 91501, 1388, 167, 1427, 2, 7450, 162, 8750),
(1328385320, 9875, 9005, 3401, 2049, 3025, 3117, 1057, 1026, 3364, 15, 23275, 10965, 1, 2, 2, 4, 13, 5715, 15563, 0, 5, 13664, 7, 100, 8821, 'False', 100, 29765, 1452, 42, 1966, 2, 3337, 788, 8445),
(1328215297, 16726, 8772, 3006, 3153, 0, 3094, 0, 1055, 3340, 9, 19828, 63376, 0, 3, 2, 4, 12, 1443, 5083, 0, 6, 3697, 8, 19, 16023, 'False', 100, 77446, 2638, 164, 1637, 2, 11942, 108, 7850),
(1328189625, 30042, 13297, 1055, 3153, 3094, 1300, 3031, 1037, 3340, 5, 31355, 108768, 0, 3, 3, 4, 17, 2120, 9212, 0, 9, 5607, 7, 217, 25375, 'False', 100, 144487, 5461, 212, 2116, 8, 19502, 373, 12725),
(1327251142, 18458, 15016, 1400, 3071, 3156, 1320, 3052, 1028, 3340, 15, 28807, 151449, 0, 0, 1, 3, 18, 3832, 13096, 0, 6, 7999, 6, 310, 20394, 'True', 200, 183085, 8709, 66, 2305, 0, 13893, 414, 12725),
(1326501631, 36158, 19397, 3046, 3153, 3053, 1300, 3033, 3156, 3363, 15, 40381, 186077, 0, 3, 4, 4, 18, 2409, 3019, 2, 16, 10196, 9, 605, 27694, 'True', 100, 220849, 6200, 254, 2693, 2, 24550, 2490, 17050),
(1326491978, 28662, 15658, 3025, 3285, 1315, 3027, 3001, 1011, 3340, 13, 29042, 55018, 0, 4, 1, 1, 18, 22956, 101477, 2, 9, 10047, 9, 1558, 17487, 'False', 100, 156807, 2205, 204, 2441, 0, 5642, 1506, 14350),
(1324902123, 64776, 21805, 3139, 3153, 3046, 1300, 3033, 3022, 3363, 13, 34692, 234642, 0, 3, 2, 4, 18, 3235, 3329, 1, 12, 12901, 5, 397, 20708, 'True', 200, 283035, 7944, 271, 2418, 0, 44557, 1082, 19750),
(1321526357, 27735, 16411, 3508, 3094, 1300, 3031, 1038, 1053, 3363, 16, 21092, 166021, 0, 3, 3, 4, 18, 9130, 49929, 2, 17, 8939, 4, 469, 11301, 'True', 100, 217014, 4067, 252, 2160, 1, 18261, 850, 14300),
(1323313154, 6962, 6469, 0, 3153, 1055, 3006, 1051, 1042, 3363, 5, 13865, 32013, 0, 3, 2, 4, 10, 659, 936, 0, 0, 3892, 7, 13, 9790, 'False', 100, 38650, 953, 89, 1242, 0, 5005, 183, 5850),
(1328473390, 10596, 8399, 3144, 3097, 3111, 3742, 1054, 1042, 2052, 0, 20873, 10748, 0, 0, 5, 0, 16, 2298, 2298, 0, 18, 13219, 3, 265, 6660, 'False', 100, 16569, 8625, 20, 1105, 0, 7527, 993, 7450),
(1328537258, 24907, 12435, 1054, 3097, 3111, 3065, 3071, 3155, 2052, 0, 26270, 37509, 0, 0, 5, 0, 18, 2882, 4758, 0, 24, 15100, 4, 773, 10385, 'True', 200, 48710, 4931, 45, 1557, 0, 20700, 784, 10150),
(1326287004, 21495, 11627, 3092, 0, 3020, 3174, 3135, 1058, 2052, 0, 13889, 8042, 0, 0, 3, 0, 17, 17503, 45263, 0, 17, 6983, 4, 1159, 6556, 'False', 200, 53306, 2181, 44, 1471, 1, 3992, 350, 10750),
(1326240005, 12632, 9107, 3098, 3108, 3158, 2003, 3136, 3116, 2052, 0, 7814, 11459, 0, 0, 2, 0, 15, 11473, 28963, 2, 14, 5034, 2, 419, 2779, 'True', 100, 40443, 1348, 35, 1037, 0, 1158, 0, 7950),
(1326183509, 16869, 11079, 1055, 1055, 3111, 3078, 1038, 1018, 2052, 0, 14993, 42224, 0, 0, 1, 0, 17, 1717, 4372, 0, 19, 8792, 5, 42, 5449, 'True', 200, 47387, 2744, 52, 1176, 1, 14361, 750, 8350),
(1326157135, 22161, 12338, 1026, 3157, 3158, 3100, 3114, 1058, 2052, 0, 20798, 9641, 0, 0, 1, 0, 18, 17513, 28707, 0, 13, 12966, 8, 99, 6162, 'False', 100, 39342, 1932, 24, 1731, 0, 3653, 1670, 11250),
(1326131699, 29632, 10075, 3092, 3136, 3158, 2003, 3116, 1026, 2052, 0, 10504, 10290, 0, 0, 6, 0, 16, 25580, 45681, 0, 26, 6791, 4, 491, 3642, 'True', 100, 60662, 1921, 36, 1081, 0, 2681, 70, 9600),
(1326104770, 29036, 13590, 3092, 1058, 3158, 3027, 3089, 1011, 2052, 0, 29124, 8370, 0, 0, 4, 0, 18, 20670, 54278, 0, 25, 16108, 7, 337, 12845, 'True', 200, 70445, 7480, 62, 1421, 0, 1680, 170, 12650),
(1328320108, 38961, 18743, 3111, 3027, 3001, 3116, 3065, 3089, 0, 0, 84970, 9938, 0, 0, 1, 0, 18, 35206, 122558, 0, 25, 69717, 21, 10989, 13897, 'False', 200, 135677, 28478, 116, 2201, 0, 1919, 1355, 17035),
(1328288394, 28187, 16558, 3006, 3031, 3094, 3102, 3036, 1038, 0, 0, 28779, 75661, 0, 0, 1, 0, 18, 7005, 23124, 1, 22, 17890, 11, 184, 9588, 'True', 100, 98786, 2741, 98, 1983, 3, 21181, 1300, 15600),
(1328256630, 25750, 12716, 3190, 3047, 3742, 3075, 3751, 3211, 0, 0, 39147, 21791, 0, 0, 1, 0, 18, 11596, 30081, 0, 27, 18353, 11, 591, 19346, 'True', 200, 54332, 2891, 33, 1481, 0, 11895, 1447, 11700),
(1328187419, 10615, 12206, 3190, 3047, 3025, 3065, 1031, 1029, 0, 0, 52830, 10429, 0, 0, 5, 0, 18, 6905, 18056, 0, 37, 24092, 9, 298, 22452, 'True', 100, 30672, 22081, 23, 1667, 0, 1673, 6285, 10450),
(1328152964, 31621, 12000, 3074, 3142, 3158, 1055, 1055, 1038, 0, 0, 32667, 61872, 0, 0, 1, 0, 18, 2209, 3177, 0, 18, 15725, 15, 460, 15980, 'False', 200, 67045, 1864, 34, 1457, 2, 27847, 961, 9950),
(1328104520, 38900, 13185, 3020, 3165, 3151, 3115, 1058, 1028, 0, 0, 21955, 13964, 0, 0, 1, 0, 18, 34398, 56216, 2, 26, 18033, 10, 597, 3146, 'True', 100, 71209, 1915, 46, 1384, 0, 3473, 775, 12100),
(1328017020, 23123, 12668, 3074, 1055, 1055, 3155, 3111, 3071, 0, 0, 28680, 45922, 0, 0, 6, 0, 17, 2343, 2668, 0, 15, 13716, 10, 218, 14303, 'True', 200, 53232, 5906, 54, 1298, 0, 16553, 660, 10500),
(1328010756, 12738, 9824, 3074, 1055, 1055, 3111, 3065, 1031, 0, 0, 27279, 48649, 0, 0, 1, 0, 15, 2175, 5583, 0, 12, 12241, 10, 58, 14444, 'False', 100, 56217, 3439, 61, 1101, 0, 9618, 593, 9350),
(1327900076, 10228, 7925, 3158, 1055, 1055, 3155, 3087, 3134, 0, 0, 13219, 22653, 0, 0, 1, 0, 13, 2768, 7882, 0, 12, 8645, 7, 122, 4360, 'True', 200, 31281, 1040, 29, 905, 0, 6764, 213, 6850),
(1327802377, 36000, 15154, 3072, 3094, 3102, 3006, 3031, 1033, 0, 0, 44138, 78186, 0, 0, 3, 0, 18, 6504, 17992, 0, 23, 28224, 14, 184, 14068, 'False', 200, 96178, 5033, 84, 1643, 0, 29495, 1845, 14500),
(1327787531, 31072, 13520, 3027, 3157, 3111, 3065, 1058, 1026, 2052, 0, 52673, 4464, 0, 0, 1, 0, 18, 27418, 62226, 0, 22, 28753, 12, 334, 21159, 'False', 200, 68867, 14866, 41, 2075, 0, 1732, 2760, 12850),
(1327505556, 29645, 11356, 3027, 3111, 3742, 3001, 3024, 1027, 0, 0, 47793, 7109, 0, 0, 1, 0, 18, 26175, 46408, 0, 26, 21386, 14, 375, 25487, 'False', 100, 54583, 10102, 27, 1459, 0, 2514, 920, 10800),
(1327356874, 23346, 10437, 3111, 3116, 3136, 3001, 3044, 1042, 2052, 0, 40518, 10892, 0, 0, 1, 0, 17, 13158, 30569, 0, 17, 22948, 16, 315, 13614, 'False', 200, 44162, 2067, 33, 1464, 0, 7597, 3955, 9900),
(1327332454, 28536, 10687, 1056, 3020, 3174, 3285, 3191, 1058, 2052, 0, 17297, 4762, 0, 0, 1, 0, 17, 23508, 64837, 0, 18, 4933, 9, 425, 10878, 'False', 200, 75210, 2753, 52, 1309, 0, 978, 1485, 10100),
(1327293163, 15612, 13165, 3046, 3153, 3006, 1055, 3087, 1028, 0, 0, 31393, 27077, 0, 0, 4, 0, 18, 1045, 3236, 0, 19, 19865, 12, 84, 11143, 'False', 200, 32486, 5276, 46, 1808, 0, 12515, 385, 10900),
(1328165567, 25200, 11473, 3027, 3165, 3111, 3001, 1058, 1026, 0, 0, 29251, 16963, 0, 0, 1, 0, 18, 19581, 46733, 0, 25, 20789, 11, 906, 7626, 'False', 200, 65662, 3256, 58, 1410, 0, 4103, 836, 11300),
(1327887254, 26671, 12873, 3078, 3158, 3031, 3133, 1038, 1018, 0, 0, 24374, 90802, 0, 0, 1, 0, 18, 6321, 9009, 1, 21, 6305, 9, 285, 17205, 'True', 100, 104057, 6607, 55, 1475, 0, 17722, 864, 11450),
(1327573654, 27167, 11549, 1052, 3040, 3165, 3020, 1058, 1026, 0, 0, 21314, 9845, 0, 0, 1, 0, 17, 17565, 38878, 1, 18, 14044, 7, 59, 5994, 'True', 100, 65782, 4010, 65, 1236, 0, 1695, 1275, 10435),
(1328384705, 19081, 10955, 3071, 3077, 3068, 3211, 1028, 3111, 0, 0, 36160, 21183, 0, 0, 6, 0, 18, 2333, 7921, 0, 17, 11949, 12, 211, 22720, 'False', 200, 34100, 5100, 19, 1419, 0, 11821, 1490, 10250),
(1327391740, 22431, 10759, 3116, 3020, 3151, 1052, 1058, 1026, 2052, 0, 22563, 9623, 0, 0, 1, 0, 16, 19247, 45033, 1, 14, 12798, 7, 645, 8656, 'False', 100, 55111, 5370, 56, 1103, 0, 2848, 1108, 10285),
(1326789305, 35059, 16344, 3065, 3047, 3068, 3153, 1037, 3091, 0, 0, 87896, 31575, 0, 0, 1, 0, 18, 23221, 50759, 1, 39, 45378, 17, 171, 37162, 'True', 200, 85118, 25881, 47, 2104, 0, 9514, 5356, 14425),
(1326770058, 30984, 13031, 3027, 3190, 3065, 3068, 3111, 2138, 2052, 0, 51326, 9604, 0, 0, 1, 0, 18, 20789, 68650, 0, 26, 25084, 14, 398, 22227, 'False', 200, 89115, 4596, 84, 1594, 0, 2948, 4013, 12850),
(1326743544, 22510, 10890, 3068, 3065, 3047, 3075, 1029, 1011, 2052, 0, 30080, 13816, 0, 0, 1, 0, 18, 14921, 38528, 0, 16, 11048, 11, 191, 15911, 'False', 100, 53885, 759, 44, 1226, 0, 6189, 3120, 10450),
(1326738390, 13920, 8765, 3124, 3044, 3047, 3155, 1011, 1042, 0, 0, 22113, 28631, 0, 0, 1, 0, 15, 3138, 6267, 0, 11, 11907, 10, 55, 9905, 'False', 200, 38270, 4345, 44, 904, 1, 8360, 300, 8000),
(1328504722, 18875, 10663, 3143, 3047, 1409, 3075, 1028, 1006, 3341, 18, 31040, 41127, 0, 0, 1, 3, 14, 16315, 53915, 0, 10, 6158, 6, 434, 21283, 'True', 200, 106945, 8335, 22, 1833, 1, 2427, 3598, 9975),
(1328719860, 25184, 12140, 1011, 3068, 3075, 3047, 3102, 3082, 3340, 9, 27409, 44593, 0, 4, 1, 1, 17, 21818, 86752, 3, 14, 10736, 6, 190, 16408, 'True', 100, 131345, 4114, 140, 2014, 0, 3366, 264, 11800),
(1328904037, 30023, 14407, 3153, 3047, 3742, 1400, 3083, 3211, 3340, 13, 66144, 98675, 0, 0, 1, 3, 15, 4770, 6579, 1, 8, 28204, 17, 702, 36440, 'True', 100, 118182, 17570, 36, 2586, 1, 21698, 1499, 14175),
(1328909863, 25657, 11507, 3157, 3020, 3151, 1054, 1058, 1052, 3340, 7, 22424, 20206, 0, 4, 1, 1, 16, 23387, 83592, 1, 11, 5167, 4, 863, 16902, 'True', 100, 104696, 2702, 120, 1826, 0, 1726, 354, 10185),
(1328758221, 45075, 14168, 3157, 3020, 3151, 1054, 3089, 1026, 3340, 11, 33982, 21517, 0, 0, 1, 3, 18, 42821, 149362, 1, 20, 16641, 11, 920, 13058, 'False', 100, 171015, 1964, 146, 2399, 0, 2117, 4282, 13150),
(1328713503, 37059, 10580, 3157, 3151, 3020, 1058, 1026, 1054, 3340, 12, 23685, 18160, 0, 4, 1, 1, 15, 32555, 89781, 0, 1, 9659, 8, 869, 13271, 'False', 200, 108277, 559, 112, 1817, 0, 4503, 754, 10400);

-- --------------------------------------------------------

--
-- Struktura tabeli dla tabeli `summoner`
--

CREATE TABLE `summoner` (
  `id` int(11) NOT NULL,
  `name` text NOT NULL,
  `profileIconId` int(11) NOT NULL,
  `lvl` int(11) NOT NULL
) ENGINE=InnoDB DEFAULT CHARSET=latin1;

--
-- Zrzut danych tabeli `summoner`
--

INSERT INTO `summoner` (`id`, `name`, `profileIconId`, `lvl`) VALUES
(139902, 'laznjak', 28, 30),
(271019, 'Vanko', 661, 30),
(381310, 'Mariusz Zganiacz', 936, 30),
(18991881, 'koukounarius', 953, 30),
(19011787, '001', 781, 30),
(19102033, 'Pr0st4k', 512, 30),
(19419210, 'Orzelek', 523, 30),
(19463962, 'Van KeNNy', 662, 30),
(19523323, 'Obim', 505, 30),
(19685440, 'Jason York', 564, 30),
(19815713, 'Necrophagous', 505, 30),
(19866340, 'exclusion', 981, 30),
(19934687, 'Lea', 741, 30),
(20001117, 'Wendor', 539, 30),
(20012208, 'ultrabizz', 657, 30),
(20041006, 'FantaStyczny', 585, 30),
(20066482, 'Moozgu', 774, 30),
(20083439, 'Noznatation', 898, 30),
(20149604, 'Hecarim Broken', 576, 30),
(20399115, 'Bilian', 897, 30),
(20556454, 'kiwimeth', 4, 30),
(20572654, 'abyssu', 937, 30),
(20665277, 'hitandyrun', 907, 30),
(20673176, 'SmugglerPL', 548, 30),
(20937864, 'The Darkling', 502, 30),
(21123205, 'Sieloo', 979, 30),
(21181059, 'Manterovshik', 779, 30),
(21232153, 'bokyy', 539, 30),
(21236908, 'lordsder', 897, 30),
(21246864, 'carry me plx', 936, 30),
(21247395, 'Ladam', 548, 30),
(21557417, 'CloneMartin', 939, 30),
(21572891, 'Seciak', 576, 30),
(21651713, 'DzielnicowyRTS', 786, 30),
(21658537, 'Selira', 782, 30),
(21776918, 'Raxl Snaxel', 786, 30),
(21797061, 'Jeator', 508, 30),
(21831150, 'Lama Kamikaze', 785, 30),
(21858027, 'Evilzerg57', 900, 30),
(21869733, 'HiraSofia', 529, 30),
(21894667, 'Lil Rapper', 673, 30),
(21915886, 'wizzyk', 546, 30),
(22022396, 'Muniek91', 916, 30),
(22035455, 'zangu', 612, 30),
(22087423, 'Stolzman', 578, 30),
(22105103, 'etqx', 982, 30),
(22121107, 'GEW SAM', 950, 30),
(22195992, 'Unlucky Nekkro', 968, 30),
(22233973, 'Aperitive', 18, 30),
(22279089, 'pneumok', 512, 30),
(22411319, 'PATOKALIPSA', 984, 30),
(22447802, 'Markoni4MNE', 774, 30),
(22450201, 'Bladsakr', 604, 30),
(22471878, 'SaguruSan', 508, 30),
(22757406, 'MaSSaRi94', 956, 30),
(22859400, 'konik44', 581, 30),
(22986496, 'Durdik', 27, 30),
(23014700, 'Gre3k3r', 665, 30),
(23173213, 'Hitrijded', 774, 30),
(23231052, 'Bodziou', 577, 30),
(23555566, 'JungleNold', 588, 30),
(23578149, 'O Flokopikos', 786, 30),
(23675464, 'BringDaPain', 659, 30),
(23790914, 'Oscar', 22, 30),
(23803938, 'TrCHoMoCHa', 898, 30),
(23861671, 'Slave0075', 959, 30),
(23947859, 'Hunderi', 518, 30),
(24010591, 'Mister Lynx', 778, 30),
(24025997, 'Waleczny Kubus', 937, 30),
(24152508, 'xXHernandoXx', 579, 30),
(24153394, 'kukyweed', 605, 30),
(24155476, 'Voigan', 785, 30),
(24164088, 'Paskalortto', 563, 30),
(24204828, 'Pikachu v2', 22, 30),
(24214209, 'GieninhoKS', 548, 30),
(24270113, 'GFG', 510, 30),
(24329685, 'NakedSnake1990', 7, 30),
(24336760, 'Mystogan FI', 504, 30),
(24407305, 'Nekros', 779, 30),
(24415243, 'Scorozio', 902, 30),
(24418533, 'Choking Hazard', 666, 30),
(24427869, 'Devilczych', 539, 30),
(24439102, 'Maretzki', 547, 30),
(24464026, 'nowyuser', 781, 30),
(24487617, 'IceCris', 749, 30),
(24498333, 'QE Avalon', 579, 30),
(24500121, 'LatvianBeer', 18, 30),
(24594249, 'ogge', 588, 30),
(24629358, 'ToMiki', 693, 30),
(24632712, 'Salvadorro', 713, 30),
(24647662, 'Tranquil Death', 903, 30),
(24735589, 'zdenio', 21, 30),
(24773229, 'SkederBeg', 23, 30),
(24964296, 'Blacktyde', 539, 30),
(24996007, 'Worst Chomik', 22, 30),
(25162796, 'Clubfandamian', 749, 30),
(25228387, 'geomil as', 774, 30),
(25285325, 'Histocraft', 588, 30),
(25403792, 'AkaiTatsu42', 664, 30),
(25415147, 'LudzikNaHaju', 749, 30),
(25469507, 'Miesacz', 18, 30),
(25542805, 'Tomlinek', 503, 30),
(25567389, 'Sensej MixOr', 691, 30),
(25833885, 'MartinCicaPinter', 984, 30),
(25898917, 'everfast', 507, 30),
(25910309, 'liborsisCZ', 518, 30),
(26023064, 'jimmakos12', 545, 30),
(26120293, 'zanitra', 661, 30),
(26196929, 'crazYEEAh', 28, 30),
(26448484, 'Boleslaw Lesmian', 23, 30),
(26455824, 'Gebesz', 983, 30),
(26501738, 'NAVY Fred0', 11, 30),
(26542814, 'johni43', 608, 30),
(26548679, 'Ucigasul', 661, 30),
(26551808, 'Swixi055', 659, 30),
(26568794, 'Bjergsenix HD', 946, 30),
(26617291, 'Arel', 982, 30),
(26632478, 'Domis79', 931, 30),
(26744572, 'rzysiek9', 785, 30),
(26836938, 'AnaFannan', 685, 30),
(26897729, 'piOW0Ah', 744, 30),
(26929512, 'Cooolstuff', 785, 30),
(26961245, 'Too Kawai To Die', 21, 30),
(27033815, 'i cri evritim', 982, 30),
(27150417, 'Ajcoolla', 523, 30),
(27174776, 'Silence', 642, 30),
(27213767, 'FreakyDeaky69', 786, 30),
(27223848, 'broberry', 750, 30),
(27445155, 'coolsv', 564, 30),
(27448547, 'Groplis', 953, 30),
(27483386, 'Cosa Nostra', 23, 30),
(27504925, 'JustBexx', 981, 30),
(27714461, 'DzikiLeniwiec0', 23, 30),
(27718184, 'peles PIPELE', 774, 30),
(27814946, '8anatos se olous', 6, 30),
(27853487, 'bunny in hoodie', 983, 30),
(27875980, 'mitko1601', 774, 30),
(28179992, 'ohhHIAmNewkk', 582, 30),
(28195948, 'Norby94', 752, 30),
(28254621, 'The Dreamtaker', 588, 30),
(28344268, 'TheFallenRevenge', 20, 30),
(28410996, 'Tezuld', 616, 30),
(28427275, 'Zwierzak18', 959, 30),
(28497259, 'SlapJack89', 774, 30),
(28506839, 'PanTheo4EVER', 984, 30),
(28531908, 'osaka04', 539, 30),
(28688109, 'Jaaqob', 539, 30),
(29105033, 'Ch0mpsk1', 588, 30),
(29291141, 'Sdufboir', 979, 30),
(29361663, 'Loiste', 979, 30),
(29783412, 'The Doctor T', 21, 30),
(30094103, 'Andersvf', 710, 30),
(30100656, 'FreeStylerGR', 550, 30),
(30151622, 'SunStar23', 897, 30),
(30153506, 'ShrimpinAintEasy', 785, 30),
(30352882, 'stalkerSRB', 576, 30),
(30380098, 'Doomky', 577, 30),
(30448555, 'Tjenix', 713, 30),
(30457629, 'MoLiPsA', 548, 30),
(30473248, 'The Valda', 918, 30),
(30492354, 'QeS cotkaa', 938, 30),
(30696314, 'tax03', 507, 30),
(30969821, 'G Rampage', 901, 30),
(31153230, 'Fire', 984, 30),
(31177423, 'Mvozik', 581, 30),
(31184970, 'Noyl37', 897, 30),
(31272301, 'Umed', 618, 30),
(31355273, 'Bratil', 662, 30),
(31447693, 'TrollinMasta', 682, 30),
(31465046, 'Morlinest', 10, 30),
(31757725, 'Nobody0X', 937, 30),
(31850000, 'AngelMuffin', 1021, 30),
(31887502, 'vanekcsi', 983, 30),
(31921679, 'Boern v2', 505, 30),
(31977964, 'ONBananaOFF', 566, 30),
(32083281, 'StoxxxX', 712, 30),
(32155026, 'phazer', 783, 30),
(32160849, 'Jagadd', 549, 30),
(32189541, 'Kostalexis', 666, 30),
(32193147, 'Melagron', 774, 30),
(32231622, 'Vclll', 782, 30),
(32231642, 'Henkie852', 546, 30),
(32248230, 'Cryhoc', 660, 30),
(32266031, 'Gasec', 899, 30),
(32269203, 'SkrillexKallux', 654, 30),
(32568503, 'Default12345', 785, 30),
(32593663, 'Sireme', 536, 30),
(32627103, 'Madalin13', 710, 30),
(32974757, 'Borsalino', 545, 30),
(33024168, 'Jasiu', 981, 30),
(33073067, 'gtgb', 546, 30),
(33335931, 'David Vit Vicko', 979, 30),
(33552551, 'Gandriokasz', 716, 30),
(33634366, 'TheSkyWallker', 577, 30),
(33737457, 'Saamanka', 785, 30),
(33937674, 'JSB Czitos', 588, 30),
(33981855, 'InDomine', 7, 30),
(33988881, 'Skilled', 753, 30),
(34012134, 'PaganiZero', 774, 30),
(34033086, 'Uritis', 7, 30),
(34033273, 'Silny Jaro', 28, 30),
(34056163, 'hulimban', 775, 30),
(34063334, 'PS01', 503, 30),
(34103417, 'sks1337', 982, 30),
(34118102, 'SonicHedgehog88', 7, 30),
(34185162, 'Devox', 673, 30),
(34195286, 'Tuhhooja', 539, 30),
(34242891, 'La bte', 688, 30),
(34274673, 'Armarfi', 984, 30),
(34318800, 'BogdaSpartanac', 24, 30),
(34322547, 'SCORPION338', 953, 30),
(34428522, 'IFeelHardcore', 9, 30),
(34458715, 'kalmora', 774, 30),
(34666286, 'Unchained xZed', 937, 30),
(34724946, 'phobb', 898, 30),
(34727149, 'TinkiLinki', 959, 30),
(34838559, 'PetterTheBetter', 19, 30),
(34873519, 'ghost87i', 12, 30),
(34964817, 'Aria', 984, 30),
(34980711, 'Vegetunks', 899, 30),
(34984759, 'Misky', 658, 30),
(34985837, 'Draxx', 936, 30),
(35033728, 'GOD  N1', 718, 30),
(35038180, 'Epoch', 870, 30),
(35042932, 'Vebuss', 666, 30),
(35043629, 'Xtremer', 657, 30),
(35081862, 'Krzysia', 785, 30),
(35255335, 'keciboT', 627, 30),
(35334582, 'Penultimo', 687, 30),
(35441960, 'macn4d', 588, 30),
(35458781, 'Dewiant03', 7, 30),
(35467157, 'Jiushilang', 7, 30),
(35518190, 'Xemi', 741, 30),
(35585363, 'Tiffany', 984, 30),
(35709526, 'jannik07', 712, 30),
(35739358, 'SirGato', 983, 30),
(35761921, 'kolaaa13', 715, 30),
(35823573, 'przemek87', 0, 5),
(35863508, '1v1 ME KOLEGO', 843, 30),
(36003450, 'bf007', 682, 30),
(36116392, 'cursedman', 546, 30),
(36312359, 'Ganjaz3', 931, 30),
(36326297, 'iason25', 548, 30),
(36467510, 'LaitGuy', 578, 30),
(36575248, 'Mester Dniel', 984, 30),
(36678717, 'Zyrrios', 897, 30),
(36683491, 'McMision', 870, 30),
(36711285, 'Muffinkowy', 774, 30),
(36814825, 'Jawbreaker', 780, 30),
(36881945, 'honza975333', 979, 30),
(36903231, 'PrzemoKidd', 588, 30),
(36903667, 'alotoffaces', 27, 30),
(36905299, 'Rouro', 984, 30),
(36945327, 'PDG ndst', 7, 30),
(37177256, 'kasp1js', 982, 30),
(37180189, 'Cheeaster', 953, 30),
(37220847, 'DrError', 744, 30),
(37236646, 'Barbypro', 899, 30),
(37279439, 'machinamax', 780, 30),
(37329902, 'Come To The Hell', 785, 30),
(37567275, 'Potad0s', 745, 30),
(37570952, 'dementedchameleo', 774, 30),
(37627437, 'DiKay', 749, 30),
(37640213, 'droopski', 785, 30),
(37648976, 'AlltSkaBliBra', 654, 30),
(38123800, 'Maniaque', 774, 30),
(38156258, 'Saurus99', 787, 30),
(38168098, 'ProPawello', 946, 30),
(38173181, 'ExTreMiX', 552, 30),
(38289436, 'astropolos3', 914, 30),
(38313626, 'CzitaK', 979, 30),
(38336746, 'Wiiiikson', 962, 30),
(38378608, 'theopatrikis', 711, 30),
(38504098, 'andra59', 984, 30),
(38539982, 'ziero13', 774, 30),
(38597982, 'Folkoo', 936, 30),
(38673437, 'Sevixx', 781, 30),
(38688416, 'maciekfanatikJEB', 588, 30),
(39258742, 'NF Nome', 577, 30),
(39270510, 'TessVampire', 745, 30),
(39289028, 'Deny72', 981, 30),
(39323945, 'Gumejon1107', 588, 30),
(39330981, 'Lugimondi', 22, 30),
(39549150, 'asfasgfsdg', 953, 30),
(39597654, '0kkurra', 18, 30),
(39632999, 'Rutte?', 547, 30),
(39669711, 'Mumincxx', 931, 30),
(39680169, 'EnergyNet1', 956, 30),
(39711669, 'JessGreenberg', 673, 30),
(39871808, 'thecheesydragon', 984, 30),
(39878383, 'Bronz5 4life', 870, 30),
(39996153, 'hardtarget460', 22, 30),
(40232970, 'barsosman', 657, 30),
(40233343, 'theTeacha', 774, 30),
(40274310, 'Mxardi', 28, 30),
(40304400, 'Loxy99', 666, 30),
(40333276, 'majkabozjabicikl', 662, 30),
(40343634, 'THEciocaboca', 665, 30),
(40533296, 'graaskallen', 16, 30),
(40583516, 'rockylee', 767, 30),
(40588044, 'MiniMasterPo', 945, 30),
(40613303, 'DeluxeMixxPL', 898, 30),
(40696142, 'Bazooka567', 985, 30),
(40729015, 'moody78', 23, 30),
(40749989, 'przemkowhite', 786, 30),
(40863050, 'OrdinaryMagician', 913, 30),
(41007062, 'Aonlymous', 750, 30),
(41047440, 'O petaloudas', 984, 30),
(41072494, 'King PINC', 786, 30),
(41123542, 'ZNDoctrine', 7, 30),
(41140614, 'ClaudiuFCSB', 665, 30),
(41163202, 'VaalesZer0', 713, 30),
(41163716, 'Kaitou Kid', 901, 30),
(41207487, 'SigmaLukas', 936, 30),
(41283042, 'Dzugi69', 950, 30),
(41291277, 'Mordon91', 685, 30),
(41311023, 'Sform', 661, 30),
(41363508, 'True Crime', 909, 30),
(41676186, 'Nismo85', 713, 30),
(41686996, 'L E C H O R', 902, 30),
(41716996, 'MrGrabeg', 28, 30),
(41822181, 'asfadindf', 979, 30),
(41882607, 'bilsiuMEN', 663, 30),
(41910576, 'XTsubakiX', 870, 30),
(41919465, 'Mariusik99', 662, 30),
(41968547, 'NeRRo 2000', 907, 30),
(42225238, 'Herkkules', 924, 30),
(42229198, 'NlkneSupi', 981, 30),
(42264109, 'DragonWarrior333', 953, 30),
(42346507, 'AntarChaos', 7, 30),
(42361173, 'Elegant202', 592, 30),
(42364262, 'Yolo Top here', 5, 30),
(42419982, 'Pipachu', 747, 30),
(42467450, 'SuchNewbieMurcy', 956, 30),
(42656421, 'Zampexx', 578, 30),
(42692970, 'urdi', 897, 30),
(42722976, 'YouAr3MyVictim', 1053, 30),
(43076917, 'ArmaX2', 781, 30),
(43304767, 'kantafoula09', 666, 30),
(43307935, 'pedzio22', 774, 30),
(43391878, 'SAMrider00', 946, 30),
(43466335, 'nabcat', 982, 30),
(43474974, 'Rommikola', 982, 30),
(43518030, 'AzadLegacy83', 946, 30),
(43555524, 'LuckyGame1', 953, 30),
(43607281, 'lakatosandre', 615, 30),
(43617883, 'przemek87i', 658, 30),
(43836753, 'Nomsis1', 654, 30),
(43944603, 'Divcso', 940, 30),
(44074791, 'MoneyBag', 982, 30),
(44215463, 'killerpajesz', 984, 30),
(44684477, 'Lapinas58', 657, 30),
(44684680, 'I am danee', 985, 30),
(44754191, 'Kamimashita', 661, 30),
(44773631, 'mithradir93', 897, 30),
(44906210, 'NevoHQ', 774, 30),
(44937857, 'The Kaceytron', 7, 30),
(45018457, 'mazenzzz', 898, 30),
(45214026, 'LkO34', 692, 30),
(45214286, 'Lojzkxd1', 950, 30),
(45263400, 'Zyc', 590, 30),
(45386588, 'Dark Satan', 871, 30),
(45434176, 'labrakas noob', 546, 30),
(45556623, 'Kreeten12', 660, 30),
(45846364, 'IEISIRM', 657, 30),
(45856838, 'Filkus02', 666, 30),
(45933921, 'shaadoow', 939, 30),
(46041026, 'infinitIyyyI', 687, 30),
(46424110, 'WreckingKnee', 870, 30),
(46424114, 'Toastator', 907, 30),
(46424338, 'Blindhero8', 502, 30),
(46461698, '123KnoperS321', 909, 30),
(46495819, 'XxPiticotxX', 983, 30),
(46624542, 'AngelOfMercy97', 939, 30),
(46753227, 'Masi69', 26, 30),
(46995731, 'Chisama', 913, 30),
(47363870, 'BloodyBastardFIN', 660, 30),
(47633268, '3MamFaSooN', 984, 30),
(47780531, 'Loriie', 687, 30),
(47781962, 'Tourus444', 659, 30),
(47911018, 'polo1984', 7, 30),
(48036468, 'Hand Hurts', 931, 30),
(48618405, 'Desert Floower', 982, 30),
(48656496, 'HAWKEYES96', 950, 30),
(48922748, 'Fantasy2', 982, 30),
(49377953, 'Storsnopp90', 2, 30),
(49475820, 'FL3KS4', 22, 8),
(49677662, 'xKrone', 13, 30),
(49850313, 'Jowson10', 931, 30),
(49898578, 'the fabeles pie', 949, 30),
(49937806, 'christian2206', 847, 30),
(50323323, 'Pumpalina', 936, 30),
(50506914, 'Carlosmann800', 981, 30),
(50597759, 'Karim Shaarawy', 785, 30),
(50804084, 'SyronicsS', 749, 30),
(50933583, 'Dobri007', 981, 30),
(50987214, 'KINDRUS', 28, 30),
(51255017, 'Mximus', 931, 30),
(51271449, 'zosll', 984, 30),
(51630059, 'WichitenCZ', 937, 30),
(51744460, 'Gamerxxxd', 984, 30),
(51795633, 'Frosted23', 7, 30),
(51892066, 'Sonydigitals', 944, 30),
(51917670, 'Mistook', 946, 30),
(52306027, 'LegendKiller13', 911, 30),
(52390631, 'denikzz', 6, 30),
(52536114, 'Visu Uzvarai', 774, 30),
(52577762, 'DzideK1337', 984, 30),
(52634778, 'Niki Kirilov', 774, 30),
(52650000, 'Jokisz', 984, 30),
(52675166, 'sandro1501', 984, 30),
(52685207, 'Marynarz94', 27, 14),
(52863703, 'MixaCAMPER', 948, 30),
(53032017, 'ShUrIk3nPl', 979, 30),
(53069012, 'eXe122222', 844, 30),
(53506857, 'S3sToMoMenTo', 767, 30),
(53708896, 'hamzaab15', 953, 30),
(53727088, 'Kapryskiller', 980, 30),
(53936571, 'CW King Braum', 22, 27),
(54214203, 'Jo je jo', 913, 30),
(54274332, 'MomTheCamera', 7, 5),
(54344600, 'TractorBoy9', 937, 30),
(54346201, 'Sue Rocks', 982, 30),
(54403218, 'Ririchi Sama', 937, 30),
(54486352, 'teemo16N', 984, 30),
(54516513, 'iCaNNaByS', 937, 30),
(54538716, 'atyapap', 23, 30),
(54993097, 'zomek', 979, 30),
(55083980, 'GroByMaster', 774, 30),
(55324806, 'Master5243', 983, 30),
(55416604, 'Mentalnk', 981, 30),
(55485930, 'Oispa Viinaa', 931, 30),
(55623663, 'Kitaczi', 979, 30),
(55668872, 'MrBlaxPL', 774, 10),
(55693592, '05Hullk', 983, 30),
(55796351, 'Jazavac23', 981, 30),
(55836092, 'Szakhhal', 26, 30),
(56066478, 'checcoTI', 981, 30),
(56113131, 'lovoltage', 688, 30),
(56258592, '737706', 981, 30),
(56475247, 'TSM JackDan1els', 774, 7),
(56556416, 'Csaba0923', 1, 30),
(56683018, 'llcodeinell', 25, 30),
(56786837, 'IISquirtXXgodxII', 984, 30),
(56843129, 'Superior skinny', 26, 30),
(57052998, 'Mental Issues', 938, 30),
(57195920, 'MehMehDaMuh', 984, 30),
(57314276, 'Pancy', 28, 7),
(57356194, 'HeisenbergGiGi', 28, 7),
(57393380, 'FnaticHuniXD', 28, 8),
(57728105, 'KazimizPRO', 28, 7),
(57784021, 'AntidoteGiver', 983, 30),
(57795994, 'nawigator13', 25, 8),
(57926698, 'Nei KennysS', 747, 7),
(57962190, 'FNC CrySomeMore', 1023, 5),
(57967713, 'BellyKnee', 8, 8),
(58059090, 'Chochliczysko', 23, 6),
(58088855, 'RamaGama100', 741, 10),
(58114147, 'CostySkillz', 26, 7),
(58114190, 'xZireaelx', 7, 7),
(58118770, 'EziLifeBro', 21, 6),
(58127065, 'Mandria Satului', 27, 5),
(58138699, 'K0us', 28, 5),
(58143147, 'im the best as f', 26, 5),
(58173005, 'FireLordBrand', 7, 8),
(58224138, 'streetINblood', 25, 7),
(58224446, 'Turbo Dziewka', 22, 5),
(58253608, 'Kaeros', 27, 6),
(58254998, 'SerbianDinasty', 28, 5),
(58282968, 'interflashment', 28, 10),
(58283768, 'kolopetini14', 27, 8),
(58305263, 'ro1xz', 11, 4),
(58313111, 'Asgard444', 28, 5),
(58314481, 'Hearnoyaoi', 7, 7),
(58315035, 'Ramcham', 28, 5),
(58323757, 'matfker', 0, 8),
(58333968, 'Nnteer', 28, 11),
(58334109, '88stouny88', 7, 6),
(58344758, 'BooXardas', 10, 6);

--
-- Indeksy dla zrzutw tabel
--

--
-- Indexes for table `gamedto`
--
ALTER TABLE `gamedto`
  ADD PRIMARY KEY (`gameId`);

--
-- Indexes for table `summoner`
--
ALTER TABLE `summoner`
  ADD PRIMARY KEY (`id`);

/*!40101 SET CHARACTER_SET_CLIENT=@OLD_CHARACTER_SET_CLIENT */;
/*!40101 SET CHARACTER_SET_RESULTS=@OLD_CHARACTER_SET_RESULTS */;
/*!40101 SET COLLATION_CONNECTION=@OLD_COLLATION_CONNECTION */;
